path,name,kind,role,package,class,size_bytes,sha256,lines,code_lines,functions,signature,calls_tree,calls_builtin,calls_toolbox,calls_unresolved,dynamic_calls,structures,max_nesting,callers_count,workspace_inputs,classification,reasons,complexity,priority,missing_inputs,notes
+sn/+config/defaults.m,defaults,package function,source,sn.config,,245,4e01b93a761e3ae0,7,6,1,cfg = defaults(),sn.limits.default_limits;sn.version,struct,,,,0,0,1,,port,"pure function, every call resolved",6,104,vectors;test,
+sn/+limits/default_limits.m,default_limits,package function,source,sn.limits,,148,ca6b1a3435ddacfe,6,5,1,lim = default_limits(),,,,,,0,0,2,,port,"pure function, every call resolved",0,130,vectors,
+sn/+report/format_row.m,format_row,package function,source,sn.report,,181,9fe19e9b1a599bf1,9,8,1,"s = format_row(k, value, flag)",,sprintf,,,,1,1,1,,port,"pure function, every call resolved",4,106,vectors;test,
+sn/version.m,version,package function,source,sn,,147,5a5dac09554b3e2e,4,3,1,v = version(),,,,,,0,0,2,,port,"pure function, every call resolved",0,120,vectors;test,
@BatteryModel/BatteryModel.m,BatteryModel,classdef,source,,BatteryModel,387,3cd4a003fae1f201,13,12,1,obj = BatteryModel(capacity_mah),,,,,,0,0,0,,port,object-oriented (classdef),1,99,vectors;test,
@BatteryModel/step.m,step,method,source,,BatteryModel,251,e9a279047f1b93ed,6,5,1,"soc = step(obj, current_ma, dt_s)",max,min,,,,0,0,0,,port,calls a tree function that shadows a built-in: max; object-oriented (method),3,97,vectors;test,
PacketStats.m,PacketStats,classdef,source,,PacketStats,909,b758786931073e66,31,30,3,obj = PacketStats(frames),,containers.Map;isKey;numel,,,,3,2,2,,port,object-oriented (classdef),15,105,vectors;test,
calibrate_temperature.m,calibrate_temperature,function,source,,,430,b89b777237757fbe,11,9,1,"temp_c = calibrate_temperature(adc, cal)",,double;interp1;isfield;polyval;round,,,,1,1,1,,port,"pure function, every call resolved",4,106,vectors;test,
check_limits.m,check_limits,function,source,,,731,8f7ee61d9e13b537,20,17,1,"[ok, viol] = check_limits(values, lim, handler)",,isempty;numel,,,feval,3,3,2,,port,dynamic call (feval; 0 of 1 with a string literal),18,112,vectors,
decode_packets.m,decode_packets,function,source,,,1103,48613d6c0809521d,38,30,2,"[frames, bad] = decode_packets(raw)",,bitand;bitor;bitshift;bitxor;floor;hex2dec;numel;uint16;uint8;zeros,,,,5,3,2,,port,"pure function, every call resolved",20,110,vectors,
dispatch_handler.m,dispatch_handler,function,source,,,634,d5be0910fe5bd534,17,14,1,"out = dispatch_handler(name, varargin)",hexstr (dynamic-literal);setup_paths (dynamic-literal),error;num2str,,,eval;run;str2func,1,1,0,,port,"dynamic call (eval, run, str2func; 2 of 3 with a string literal); no callers found in the tree",26,74,vectors;test,
filter_fir.m,filter_fir,function,source,,,288,38cc291f9441d4b4,9,7,1,"y = filter_fir(x, cutoff, fs)",,filter,fir1 [Signal Processing Toolbox];freqz [Signal Processing Toolbox],,,1,1,0,,wrap,toolbox: Signal Processing Toolbox; no callers found in the tree,10,90,vectors;test,
fit_battery_curve.m,fit_battery_curve,function,source,,,438,83fd567a14eade8b,11,9,1,"p = fit_battery_curve(soc, voltage)",,exp;license;polyfit,lsqcurvefit [Optimization Toolbox],,,1,1,0,,wrap,toolbox: Optimization Toolbox; no callers found in the tree,7,93,vectors;test,
legacy/garbled.m,garbled,function,source,,,81,bc70cbee1c2b4b0a,4,3,1,y = garbled(x),,,,,,0,0,0,,port,no callers found in the tree,0,100,vectors;test,non-UTF-8 bytes replaced; CRLF line endings
legacy/max.m,max,function,source,,,357,94d224355cca4d6f,9,7,1,m = max(varargin),,builtin;error,,,,1,1,3,,port,"defines `max`, which shadows a MATLAB built-in; path order decides which runs",4,126,vectors;test,
legacy/old_decode.m,old_decode,function,source,,,304,a3b73f6a094ac7d9,8,7,1,frames = old_decode(raw),,double;floor;numel;zeros,,,,1,1,0,,port,no callers found in the tree,4,96,vectors;test,
load_recording.m,load_recording,function,source,,,518,bc9b6c80085848cd,15,13,1,rec = load_recording(path),,endsWith;error;isfile;readtable;uint8,,tdms_read,,2,1,1,,port,1 unresolved name(s),12,98,vectors;test,
moving_avg_rt.m,moving_avg_rt,function,source,,,458,4d47360864fa7d12,15,12,1,"y = moving_avg_rt(x, n)",max,fix;numel;sum;zeros,,,,2,1,1,,port,calls a tree function that shadows a built-in: max,10,120,test,
plots/plot_soak.m,plot_soak,script,source,,,285,08d2a763be33285a,9,8,0,script,,figure;numel;ones;plot;size;sprintf;stem;subplot;title;xlabel;ylabel,,,,0,0,0,temp_f;viol,retain,"graphics-only script (figure, plot, stem, subplot)",0,100,vectors;test,
private/clamp.m,clamp,private function,source,,,130,c6ae84e96b9f29ef,4,3,1,"y = clamp(x, lo, hi)",max,min,,,,0,0,0,,port,calls a tree function that shadows a built-in: max; no callers found in the tree,3,97,vectors;test,
run_soak.m,run_soak,script,source,,,999,fc8fd4a3eb306ccd,23,16,1,script,PacketStats;calibrate_temperature;check_limits;decode_packets;load_recording;moving_avg_rt;setup_paths;sn.config.defaults;stats.update (method by name);write_report,fprintf;numel;warning,,,,1,1,0,,port,"pure function, every call resolved",32,68,vectors;test,
setup_paths.m,setup_paths,script,source,,,370,f41da7494dac840d,6,4,0,script,,addpath;fileparts;fullfile;mfilename,,,,0,0,2,,port,"pure function, every call resolved",0,120,vectors;test,
tests/test_decode.m,test_decode,script,test,,,567,59a43ad2f8caf422,19,17,1,script,decode_packets,all;assert;bitand;bitshift;bitxor;hex2dec;isempty;isequal;uint8,,,,3,3,0,,port,"pure function, every call resolved",16,94,vectors,
tests/test_limits.m,test_limits,function,test,,,480,f6b32d839763d384,18,15,3,tests = test_limits(),check_limits;sn.limits.default_limits,functiontests;verifyEmpty;verifyEqual;verifyFalse;verifyTrue,,,,0,0,0,,port,"pure function, every call resolved",9,101,vectors,
util/hexstr.m,hexstr,function,source,,,189,725e8ffed3fe5885,4,3,1,s = hexstr(bytes),,dec2hex;reshape;upper,,,,0,0,1,,port,"pure function, every call resolved",0,110,vectors;test,
util/notes_only.m,notes_only,function,source,,,380,98de75bf58c79164,11,6,1,notes_only(),,disp,,,,0,0,0,,port,no callers found in the tree,0,100,vectors;test,
write_report.m,write_report,function,source,,,572,5ec5563bdae51c49,15,14,1,"write_report(path, values, viol, stats)",sn.report.format_row;sn.version;stats.dropRate (method by name),error;false;fclose;fopen;fprintf;numel;onCleanup;size,,,,2,1,1,,port,"pure function, every call resolved",16,94,vectors;test,
