path,name,kind,language,role,size_bytes,sha256,lines,code_lines,functions,defines,includes_tree,includes_system,includes_vendor,includes_unresolved,calls_tree,calls_libc,calls_vendor,calls_unresolved,indirect_calls,structures,max_nesting,volatile,isr,asm,registers,linker,target_conditionals,cpp_constructs,callers_count,classification,reasons,complexity,priority,missing_inputs,notes
algo/fixed_point.h,fixed_point.h,header,c,source,497,f3faf024f4e877f0,28,14,2,3,include/config.h,stdint.h,,,,,,,,2,2,0,,0,0,0,0,,1,port,"host-testable as-is: every call resolved, no hardware markers",11,99,vectors;test,
algo/median.c,median.c,source,c,source,905,511262d6e65594ec,38,33,3,0,algo/median.h,,,,,,,,,5,3,0,,0,0,0,0,,1,port,"host-testable as-is: every call resolved, no hardware markers",19,91,vectors;test,
algo/median.h,median.h,header,c,source,419,d59a2dd6c28114cf,20,8,0,2,,stddef.h;stdint.h,,,,,,,,0,0,0,,0,0,0,0,,2,port,declarations and macros only,0,120,vectors;test,
algo/pid.c,pid.c,source,c,source,749,1c5a90bf6f0288c5,25,19,2,0,algo/pid.h;algo/fixed_point.h,,,,q16_clamp;q16_mul,,,,,0,1,0,,0,0,0,0,,0,port,"host-testable as-is: every call resolved, no hardware markers",6,114,test,
algo/pid.h,pid.h,header,c,source,442,bc2ba9067951b524,17,8,0,1,include/config.h,,,,,,,,,0,0,0,,0,0,0,0,,1,port,declarations and macros only,0,130,test,
app/main.c,main.c,source,c,source,523,3b0e03659ef6feaf,23,13,1,0,include/board.h;include/config.h;drivers/hal_gpio.h;app/scheduler.h;drivers/spi_driver.h;bsp/system_init.h;app/telemetry.h,,,,system_init;hal_gpio_init;spi_driver_init;scheduler_init;scheduler_run_pending,,,,,1,2,1,,1,0,0,0,,1,retain,target-only: inline asm x1,19,91,vectors;test,
app/scheduler.c,scheduler.c,source,c,source,1347,2566536d5acc6e3a,49,41,4,0,app/scheduler.h,string.h,,,,memset,,,fn,6,4,0,,0,0,0,0,,2,port,calls through pointers / by method name: fn,28,102,vectors,
app/scheduler.h,scheduler.h,header,c,source,733,235aca3d19b8584d,33,19,0,1,include/config.h,stdbool.h;stdint.h,,,,,,,,0,0,0,,0,0,0,0,,3,port,declarations and macros only,1,139,vectors,
app/telemetry.c,telemetry.c,source,c,source,1631,f9a5c0fd41f58225,54,44,4,0,app/telemetry.h;third_party/crc16_vendor.h,string.h,,,crc16_vendor,memset,,,,5,2,0,,0,0,0,0,,0,port,"host-testable as-is: every call resolved, no hardware markers",21,79,vectors;test,
app/telemetry.h,telemetry.h,header,c,source,509,3c8ba68c81553709,23,8,0,2,include/config.h,stdbool.h;stddef.h;stdint.h,,,,,,,,0,0,0,,0,0,0,0,,2,port,declarations and macros only,0,120,vectors;test,
bsp/startup.c,startup.c,source,c,source,736,5e2e9b8a6be61d68,31,25,2,0,,stdint.h,,,main,,,,,4,2,1,Default_Handler;Reset_Handler,1,0,15,0,,0,retain,"target-only: ISR handler(s): Default_Handler, Reset_Handler; inline asm x1; linker symbols / section attributes x15",17,83,vectors;test,
bsp/system_init.c,system_init.c,source,c,source,452,06dc0aed2cd791d0,21,8,1,2,bsp/system_init.h;include/board.h,,,,,,SystemCoreClockUpdate;HAL_Init;NVIC_SetPriority;NVIC_EnableIRQ;__enable_irq,,,0,1,0,,0,0,0,2,,1,retain,"target-only: #error unless a board macro is defined; vendor/RTOS calls: SystemCoreClockUpdate, HAL_Init, NVIC_SetPriority, NVIC_EnableIRQ",8,102,vectors;test,
bsp/system_init.h,system_init.h,header,c,source,83,94f8b86dbe8b4551,4,1,0,1,,,,,,,,,,0,0,0,,0,0,0,0,,2,port,declarations and macros only,0,120,vectors;test,
cpp/command_parser.cpp,command_parser.cpp,source,c++,source,805,cd6c2a33465aaef3,29,21,2,0,cpp/command_parser.hpp,cstring,,,,std::strchr;std::strlen;std::strncmp,,,fn,4,3,0,,0,0,0,0,1 namespace,0,port,calls through pointers / by method name: fn,20,80,vectors;test,
cpp/command_parser.hpp,command_parser.hpp,header,c++,source,685,3ec54358f237bcc1,31,17,1,1,,cstddef;cstdint,,,,,,,,0,1,0,,0,0,0,0,1 class;1 namespace,1,port,"host-testable as-is: every call resolved, no hardware markers",3,107,vectors;test,
cpp/logger.cpp,logger.cpp,source,c++,source,1559,ca306f91b59f62c8,78,65,6,0,cpp/logger.hpp,cstring,,,,std::strlen;std::memcpy,,sink_,pop;push,10,3,0,,0,0,0,0,1 namespace;1 overload,0,port,"calls through pointers / by method name: pop, push; 1 unresolved call(s); 1 overloaded name(s): call edges are by name, not signature",50,50,vectors;test,
cpp/logger.hpp,logger.hpp,header,c++,source,698,16191809039f991b,32,17,1,1,cpp/ring_buffer.hpp,cstddef;cstdint,,,,,,,,0,1,0,,0,0,0,0,1 class;1 namespace,1,port,"host-testable as-is: every call resolved, no hardware markers",3,107,vectors;test,
cpp/ring_buffer.hpp,ring_buffer.hpp,header,c++,source,864,c177e3b1885030bb,43,31,4,1,,cstddef;cstdint,,,,,,,,2,2,0,,0,0,0,0,1 class;1 template;1 namespace,2,port,C++ template(s) x1: needs an explicit instantiation to test,14,106,vectors;test,
drivers/adc_isr.c,adc_isr.c,source,c,source,807,b11f010dedf15b5d,32,22,3,0,include/board.h;include/config.h;algo/median.h,stdint.h,,,median_init;median_update,,NVIC_ClearPendingIRQ,,,1,2,2,ADC_IRQHandler,0,0,0,0,,0,retain,target-only: ISR handler(s): ADC_IRQHandler; vendor/RTOS calls: NVIC_ClearPendingIRQ,11,89,vectors;test,
drivers/hal_gpio.c,hal_gpio.c,source,c,source,405,0ecde4a8ddf59f3f,23,16,3,0,drivers/hal_gpio.h;include/board.h,,,,,,,,,1,2,0,,0,0,0,0,,2,wrap,includes target-only header(s): include/board.h,7,113,vectors;test,
drivers/hal_gpio.h,hal_gpio.h,header,c,source,271,404ccb054591625c,11,3,0,1,,stdbool.h,,,,,,,,0,0,0,,0,0,0,0,,3,port,declarations and macros only,0,130,vectors;test,
drivers/spi_driver.c,spi_driver.c,source,c,source,1058,b3aab07ec8d259ed,47,35,3,2,drivers/spi_driver.h;include/board.h;drivers/hal_gpio.h,,,,hal_gpio_write,,,,,5,3,1,,0,0,0,0,,1,wrap,includes target-only header(s): include/board.h,22,88,vectors;test,
drivers/spi_driver.h,spi_driver.h,header,c,source,296,155cb2fad75e066c,11,2,0,1,,stddef.h;stdint.h,,,,,,,,0,0,0,,0,0,0,0,,2,port,declarations and macros only,0,120,vectors;test,
include/board.h,board.h,header,c,source,673,4819517326b3d392,20,0,0,12,,stdint.h,,,,,,,,0,0,1,,0,2,0,0,,5,retain,target-only: memory-mapped register access x2,2,148,vectors;test,
include/config.h,config.h,header,c,source,446,4619f4e586da92ad,22,1,0,8,,stdint.h,,,,,,,,0,0,0,,0,0,0,2,,6,port,2 board/architecture #if block(s); the host build must pick one; declarations and macros only,6,144,vectors;test,
legacy/garbled.c,garbled.c,source,c,source,138,4d46e123e5cb0fa9,3,1,1,0,,stdint.h,,,,,,,,0,1,0,,0,0,0,0,,0,port,not valid UTF-8: confirm the encoding with the owner before editing,2,98,vectors;test,not valid UTF-8; decoded with replacement characters; CRLF line endings
legacy/old_filter.c,old_filter.c,source,c,source,540,831bfd76828ef2ae,22,8,1,1,,stdint.h,,,,,,,,0,1,0,,0,0,0,0,,0,port,K&R-style definition(s),4,96,vectors;test,"5 line(s) inside `#if 0`, ignored"
tests/test_scheduler.c,test_scheduler.c,source,c,test,594,d443b2d1978224e6,22,16,2,0,app/scheduler.h,stdio.h,,,scheduler_init;scheduler_add;scheduler_tick;scheduler_run_pending,printf,,,,2,2,0,,0,0,0,0,,0,port,"existing test: reuse it, do not add a second framework",12,88,vectors;test,
third_party/crc16_vendor.c,crc16_vendor.c,source,c,vendor,451,7cc184bff000fbaf,14,11,1,0,third_party/crc16_vendor.h,,,,,,,,,2,3,0,,0,0,0,0,,1,wrap,"third-party code: keep as a dependency or replace with a vetted equivalent, do not rewrite",11,99,vectors;test,
third_party/crc16_vendor.h,crc16_vendor.h,header,c,vendor,267,f28152a3a36489c7,7,1,0,1,,stddef.h;stdint.h,,,,,,,,0,0,0,,0,0,0,0,,2,wrap,"third-party code: keep as a dependency or replace with a vetted equivalent, do not rewrite",0,120,vectors;test,
